[{"__symbolic":"module","version":4,"metadata":{"OwlDialogModule":{"__symbolic":"class","decorators":[{"__symbolic":"call","expression":{"__symbolic":"reference","module":"@angular/core","name":"NgModule","line":12,"character":1},"arguments":[{"imports":[{"__symbolic":"reference","module":"@angular/common","name":"CommonModule","line":13,"character":14},{"__symbolic":"reference","module":"@angular/cdk/a11y","name":"A11yModule","line":13,"character":28},{"__symbolic":"reference","module":"@angular/cdk/overlay","name":"OverlayModule","line":13,"character":40},{"__symbolic":"reference","module":"@angular/cdk/portal","name":"PortalModule","line":13,"character":55}],"exports":[],"declarations":[{"__symbolic":"reference","module":"./dialog-container.component","name":"OwlDialogContainerComponent","line":16,"character":8}],"providers":[{"__symbolic":"reference","module":"./dialog.service","name":"OWL_DIALOG_SCROLL_STRATEGY_PROVIDER","line":19,"character":8},{"__symbolic":"reference","module":"./dialog.service","name":"OwlDialogService","line":20,"character":8}],"entryComponents":[{"__symbolic":"reference","module":"./dialog-container.component","name":"OwlDialogContainerComponent","line":23,"character":8}]}]}]}}}]