[{"__symbolic":"module","version":4,"metadata":{"OwlDialogRef":{"__symbolic":"class","arity":1,"members":{"__ctor__":[{"__symbolic":"constructor","parameters":[{"__symbolic":"reference","module":"@angular/cdk/overlay","name":"OverlayRef","line":33,"character":37},{"__symbolic":"reference","module":"./dialog-container.component","name":"OwlDialogContainerComponent","line":34,"character":36},{"__symbolic":"reference","name":"string"},{"__symbolic":"reference","module":"@angular/common","name":"Location","line":36,"character":28}]}],"close":[{"__symbolic":"method"}],"backdropClick":[{"__symbolic":"method"}],"keydownEvents":[{"__symbolic":"method"}],"updatePosition":[{"__symbolic":"method"}],"updateSize":[{"__symbolic":"method"}],"isAnimating":[{"__symbolic":"method"}],"afterOpen":[{"__symbolic":"method"}],"beforeClose":[{"__symbolic":"method"}],"afterClosed":[{"__symbolic":"method"}],"getPositionStrategy":[{"__symbolic":"method"}]}}}}]