[{"__symbolic":"module","version":4,"metadata":{"OWL_DIALOG_DATA":{"__symbolic":"new","expression":{"__symbolic":"reference","module":"@angular/core","name":"InjectionToken","line":24,"character":35},"arguments":["OwlDialogData"]},"OWL_DIALOG_SCROLL_STRATEGY":{"__symbolic":"new","expression":{"__symbolic":"reference","module":"@angular/core","name":"InjectionToken","line":30,"character":8},"arguments":["owl-dialog-scroll-strategy"]},"OWL_DIALOG_SCROLL_STRATEGY_PROVIDER_FACTORY":{"__symbolic":"function","parameters":["overlay"],"value":{"__symbolic":"error","message":"Lambda not supported","line":33,"character":11}},"OWL_DIALOG_SCROLL_STRATEGY_PROVIDER":{"provide":{"__symbolic":"reference","name":"OWL_DIALOG_SCROLL_STRATEGY"},"deps":[{"__symbolic":"reference","module":"@angular/cdk/overlay","name":"Overlay","line":39,"character":11}],"useFactory":{"__symbolic":"reference","name":"OWL_DIALOG_SCROLL_STRATEGY_PROVIDER_FACTORY"}},"OWL_DIALOG_DEFAULT_OPTIONS":{"__symbolic":"new","expression":{"__symbolic":"reference","module":"@angular/core","name":"InjectionToken","line":47,"character":8},"arguments":["owl-dialog-default-options"]},"OwlDialogService":{"__symbolic":"class","decorators":[{"__symbolic":"call","expression":{"__symbolic":"reference","module":"@angular/core","name":"Injectable","line":49,"character":1}}],"members":{"__ctor__":[{"__symbolic":"constructor","parameterDecorators":[null,null,[{"__symbolic":"call","expression":{"__symbolic":"reference","module":"@angular/core","name":"Optional","line":83,"character":18}}],[{"__symbolic":"call","expression":{"__symbolic":"reference","module":"@angular/core","name":"Inject","line":84,"character":18},"arguments":[{"__symbolic":"reference","name":"OWL_DIALOG_SCROLL_STRATEGY"}]}],[{"__symbolic":"call","expression":{"__symbolic":"reference","module":"@angular/core","name":"Optional","line":85,"character":18}},{"__symbolic":"call","expression":{"__symbolic":"reference","module":"@angular/core","name":"Inject","line":85,"character":30},"arguments":[{"__symbolic":"reference","name":"OWL_DIALOG_DEFAULT_OPTIONS"}]}],[{"__symbolic":"call","expression":{"__symbolic":"reference","module":"@angular/core","name":"Optional","line":86,"character":18}},{"__symbolic":"call","expression":{"__symbolic":"reference","module":"@angular/core","name":"SkipSelf","line":86,"character":30}}],null],"parameters":[{"__symbolic":"reference","module":"@angular/cdk/overlay","name":"Overlay","line":81,"character":34},{"__symbolic":"reference","module":"@angular/core","name":"Injector","line":82,"character":35},{"__symbolic":"reference","module":"@angular/common","name":"Location","line":83,"character":47},{"__symbolic":"error","message":"Expression form not supported","line":84,"character":77},{"__symbolic":"reference","module":"./dialog-config.class","name":"OwlDialogConfig","line":85,"character":89},{"__symbolic":"reference","name":"OwlDialogService"},{"__symbolic":"reference","module":"@angular/cdk/overlay","name":"OverlayContainer","line":87,"character":43}]}],"open":[{"__symbolic":"method"}],"closeAll":[{"__symbolic":"method"}],"getDialogById":[{"__symbolic":"method"}],"attachDialogContent":[{"__symbolic":"method"}],"createInjector":[{"__symbolic":"method"}],"createOverlay":[{"__symbolic":"method"}],"attachDialogContainer":[{"__symbolic":"method"}],"getOverlayConfig":[{"__symbolic":"method"}],"removeOpenDialog":[{"__symbolic":"method"}],"hideNonDialogContentFromAssistiveTechnology":[{"__symbolic":"method"}]}}}}]