[{"__symbolic":"module","version":4,"metadata":{"OwlDialogContainerComponent":{"__symbolic":"class","extends":{"__symbolic":"reference","module":"@angular/cdk/portal","name":"BasePortalOutlet","line":55,"character":49},"decorators":[{"__symbolic":"call","expression":{"__symbolic":"reference","module":"@angular/core","name":"Component","line":31,"character":1},"arguments":[{"selector":"owl-dialog-container","template":"<ng-template cdkPortalOutlet></ng-template>","animations":[{"__symbolic":"call","expression":{"__symbolic":"reference","module":"@angular/animations","name":"trigger","line":35,"character":8},"arguments":["slideModal",[{"__symbolic":"call","expression":{"__symbolic":"reference","module":"@angular/animations","name":"transition","line":36,"character":12},"arguments":["void => enter",[{"__symbolic":"call","expression":{"__symbolic":"reference","module":"@angular/animations","name":"style","line":37,"character":16},"arguments":[{"opacity":0,"transform":"translateX({{ x }}) translateY({{ y }}) scale({{scale}})","transformOrigin":"{{ ox }} {{ oy }}"}]},{"__symbolic":"call","expression":{"__symbolic":"reference","module":"@angular/animations","name":"animate","line":38,"character":16},"arguments":["300ms cubic-bezier(0.35, 0, 0.25, 1)",{"__symbolic":"call","expression":{"__symbolic":"reference","module":"@angular/animations","name":"style","line":38,"character":64},"arguments":["*"]}]},{"__symbolic":"call","expression":{"__symbolic":"reference","module":"@angular/animations","name":"animate","line":39,"character":16},"arguments":["150ms",{"__symbolic":"call","expression":{"__symbolic":"reference","module":"@angular/animations","name":"keyframes","line":39,"character":33},"arguments":[[{"__symbolic":"call","expression":{"__symbolic":"reference","module":"@angular/animations","name":"style","line":40,"character":20},"arguments":[{"transform":"scale(1)","offset":0}]},{"__symbolic":"call","expression":{"__symbolic":"reference","module":"@angular/animations","name":"style","line":41,"character":20},"arguments":[{"transform":"scale(1.05)","offset":0.3}]},{"__symbolic":"call","expression":{"__symbolic":"reference","module":"@angular/animations","name":"style","line":42,"character":20},"arguments":[{"transform":"scale(.95)","offset":0.8}]},{"__symbolic":"call","expression":{"__symbolic":"reference","module":"@angular/animations","name":"style","line":43,"character":20},"arguments":[{"transform":"scale(1)","offset":1}]}]]}]},{"__symbolic":"call","expression":{"__symbolic":"reference","module":"@angular/animations","name":"animateChild","line":45,"character":16}}],{"params":{"x":"0px","y":"0px","ox":"50%","oy":"50%","scale":1}}]},{"__symbolic":"call","expression":{"__symbolic":"reference","module":"@angular/animations","name":"transition","line":47,"character":12},"arguments":["enter => exit",[{"__symbolic":"call","expression":{"__symbolic":"reference","module":"@angular/animations","name":"animateChild","line":48,"character":16}},{"__symbolic":"call","expression":{"__symbolic":"reference","module":"@angular/animations","name":"animate","line":49,"character":16},"arguments":[200,{"__symbolic":"call","expression":{"__symbolic":"reference","module":"@angular/animations","name":"style","line":49,"character":29},"arguments":[{"opacity":0,"transform":"translateX({{ x }}) translateY({{ y }}) scale({{scale}})"}]}]}],{"params":{"x":"0px","y":"0px","ox":"50%","oy":"50%"}}]}]]}]}]}],"members":{"portalOutlet":[{"__symbolic":"property","decorators":[{"__symbolic":"call","expression":{"__symbolic":"reference","module":"@angular/core","name":"ViewChild","line":57,"character":5},"arguments":[{"__symbolic":"reference","module":"@angular/cdk/portal","name":"CdkPortalOutlet","line":57,"character":15}]}]}],"owlDialogContainerClass":[{"__symbolic":"property","decorators":[{"__symbolic":"call","expression":{"__symbolic":"reference","module":"@angular/core","name":"HostBinding","line":90,"character":5},"arguments":["class.owl-dialog-container"]}]}],"owlDialogContainerTabIndex":[{"__symbolic":"property","decorators":[{"__symbolic":"call","expression":{"__symbolic":"reference","module":"@angular/core","name":"HostBinding","line":95,"character":5},"arguments":["attr.tabindex"]}]}],"owlDialogContainerId":[{"__symbolic":"property","decorators":[{"__symbolic":"call","expression":{"__symbolic":"reference","module":"@angular/core","name":"HostBinding","line":100,"character":5},"arguments":["attr.id"]}]}],"owlDialogContainerRole":[{"__symbolic":"property","decorators":[{"__symbolic":"call","expression":{"__symbolic":"reference","module":"@angular/core","name":"HostBinding","line":105,"character":5},"arguments":["attr.role"]}]}],"owlDialogContainerAriaLabelledby":[{"__symbolic":"property","decorators":[{"__symbolic":"call","expression":{"__symbolic":"reference","module":"@angular/core","name":"HostBinding","line":110,"character":5},"arguments":["attr.aria-labelledby"]}]}],"owlDialogContainerAriaDescribedby":[{"__symbolic":"property","decorators":[{"__symbolic":"call","expression":{"__symbolic":"reference","module":"@angular/core","name":"HostBinding","line":115,"character":5},"arguments":["attr.aria-describedby"]}]}],"owlDialogContainerAnimation":[{"__symbolic":"property","decorators":[{"__symbolic":"call","expression":{"__symbolic":"reference","module":"@angular/core","name":"HostBinding","line":120,"character":5},"arguments":["@slideModal"]}]}],"__ctor__":[{"__symbolic":"constructor","parameterDecorators":[null,null,null,[{"__symbolic":"call","expression":{"__symbolic":"reference","module":"@angular/core","name":"Optional","line":128,"character":18}},{"__symbolic":"call","expression":{"__symbolic":"reference","module":"@angular/core","name":"Inject","line":128,"character":30},"arguments":[{"__symbolic":"reference","module":"@angular/common","name":"DOCUMENT","line":128,"character":37}]}]],"parameters":[{"__symbolic":"reference","module":"@angular/core","name":"ChangeDetectorRef","line":125,"character":41},{"__symbolic":"reference","module":"@angular/core","name":"ElementRef","line":126,"character":37},{"__symbolic":"reference","module":"@angular/cdk/a11y","name":"FocusTrapFactory","line":127,"character":43},{"__symbolic":"reference","name":"any"}]}],"ngOnInit":[{"__symbolic":"method"}],"attachComponentPortal":[{"__symbolic":"method"}],"attachTemplatePortal":[{"__symbolic":"method"}],"setConfig":[{"__symbolic":"method"}],"onAnimationStart":[{"__symbolic":"method","decorators":[{"__symbolic":"call","expression":{"__symbolic":"reference","module":"@angular/core","name":"HostListener","line":160,"character":5},"arguments":["@slideModal.start",["$event"]]}]}],"onAnimationDone":[{"__symbolic":"method","decorators":[{"__symbolic":"call","expression":{"__symbolic":"reference","module":"@angular/core","name":"HostListener","line":166,"character":5},"arguments":["@slideModal.done",["$event"]]}]}],"startExitAnimation":[{"__symbolic":"method"}],"calculateZoomOrigin":[{"__symbolic":"method"}],"savePreviouslyFocusedElement":[{"__symbolic":"method"}],"trapFocus":[{"__symbolic":"method"}],"restoreFocus":[{"__symbolic":"method"}]}}}}]