[{"__symbolic":"module","version":4,"metadata":{"OWL_DATE_TIME_LOCALE":{"__symbolic":"new","expression":{"__symbolic":"reference","module":"@angular/core","name":"InjectionToken","line":7,"character":40},"arguments":["OWL_DATE_TIME_LOCALE",{"providedIn":"root","factory":{"__symbolic":"reference","name":"OWL_DATE_TIME_LOCALE_FACTORY"}}]},"OWL_DATE_TIME_LOCALE_FACTORY":{"__symbolic":"function","parameters":[],"value":{"__symbolic":"call","expression":{"__symbolic":"reference","module":"@angular/core","name":"inject","line":14,"character":11},"arguments":[{"__symbolic":"reference","module":"@angular/core","name":"LOCALE_ID","line":14,"character":18}]}},"OWL_DATE_TIME_LOCALE_PROVIDER":{"provide":{"__symbolic":"reference","name":"OWL_DATE_TIME_LOCALE"},"useExisting":{"__symbolic":"reference","module":"@angular/core","name":"LOCALE_ID","line":18,"character":90}},"DateTimeAdapter":{"__symbolic":"class","arity":1,"members":{"getYear":[{"__symbolic":"method"}],"getMonth":[{"__symbolic":"method"}],"getDay":[{"__symbolic":"method"}],"getDate":[{"__symbolic":"method"}],"getHours":[{"__symbolic":"method"}],"getMinutes":[{"__symbolic":"method"}],"getSeconds":[{"__symbolic":"method"}],"getTime":[{"__symbolic":"method"}],"getNumDaysInMonth":[{"__symbolic":"method"}],"differenceInCalendarDays":[{"__symbolic":"method"}],"getYearName":[{"__symbolic":"method"}],"getMonthNames":[{"__symbolic":"method"}],"getDayOfWeekNames":[{"__symbolic":"method"}],"getDateNames":[{"__symbolic":"method"}],"toIso8601":[{"__symbolic":"method"}],"isEqual":[{"__symbolic":"method"}],"isSameDay":[{"__symbolic":"method"}],"isValid":[{"__symbolic":"method"}],"invalid":[{"__symbolic":"method"}],"isDateInstance":[{"__symbolic":"method"}],"addCalendarYears":[{"__symbolic":"method"}],"addCalendarMonths":[{"__symbolic":"method"}],"addCalendarDays":[{"__symbolic":"method"}],"setHours":[{"__symbolic":"method"}],"setMinutes":[{"__symbolic":"method"}],"setSeconds":[{"__symbolic":"method"}],"createDate":[{"__symbolic":"method"},{"__symbolic":"method"}],"clone":[{"__symbolic":"method"}],"now":[{"__symbolic":"method"}],"format":[{"__symbolic":"method"}],"parse":[{"__symbolic":"method"}],"compare":[{"__symbolic":"method"}],"compareYear":[{"__symbolic":"method"}],"deserialize":[{"__symbolic":"method"}],"setLocale":[{"__symbolic":"method"}],"clampDate":[{"__symbolic":"method"}]}}}}]