[{"__symbolic":"module","version":4,"metadata":{"NativeDateTimeModule":{"__symbolic":"class","decorators":[{"__symbolic":"call","expression":{"__symbolic":"reference","module":"@angular/core","name":"NgModule","line":11,"character":1},"arguments":[{"imports":[{"__symbolic":"reference","module":"@angular/cdk/platform","name":"PlatformModule","line":12,"character":14}],"providers":[{"provide":{"__symbolic":"reference","module":"./date-time-adapter.class","name":"DateTimeAdapter","line":14,"character":18},"useClass":{"__symbolic":"reference","module":"./native-date-time-adapter.class","name":"NativeDateTimeAdapter","line":14,"character":45}}]}]}]},"ɵ0":{"__symbolic":"reference","module":"./native-date-time-format.class","name":"OWL_NATIVE_DATE_TIME_FORMATS"},"OwlNativeDateTimeModule":{"__symbolic":"class","decorators":[{"__symbolic":"call","expression":{"__symbolic":"reference","module":"@angular/core","name":"NgModule","line":20,"character":1},"arguments":[{"imports":[{"__symbolic":"reference","name":"NativeDateTimeModule"}],"providers":[{"provide":{"__symbolic":"reference","module":"./date-time-format.class","name":"OWL_DATE_TIME_FORMATS","line":22,"character":26},"useValue":{"__symbolic":"reference","name":"ɵ0"}}]}]}]}}}]