[{"__symbolic":"module","version":4,"metadata":{"OwlMomentDateTimeAdapterOptions":{"__symbolic":"interface"},"OWL_MOMENT_DATE_TIME_ADAPTER_OPTIONS":{"__symbolic":"new","expression":{"__symbolic":"reference","module":"@angular/core","name":"InjectionToken","line":23,"character":56},"arguments":["OWL_MOMENT_DATE_TIME_ADAPTER_OPTIONS",{"providedIn":"root","factory":{"__symbolic":"reference","name":"OWL_MOMENT_DATE_TIME_ADAPTER_OPTIONS_FACTORY"}}]},"OWL_MOMENT_DATE_TIME_ADAPTER_OPTIONS_FACTORY":{"__symbolic":"function","parameters":[],"value":{"useUtc":false}},"MomentDateTimeAdapter":{"__symbolic":"class","extends":{"__symbolic":"reference","module":"../date-time-adapter.class","name":"DateTimeAdapter","line":47,"character":43},"decorators":[{"__symbolic":"call","expression":{"__symbolic":"reference","module":"@angular/core","name":"Injectable","line":46,"character":1}}],"members":{"__ctor__":[{"__symbolic":"constructor","parameterDecorators":[[{"__symbolic":"call","expression":{"__symbolic":"reference","module":"@angular/core","name":"Optional","line":58,"character":18}},{"__symbolic":"call","expression":{"__symbolic":"reference","module":"@angular/core","name":"Inject","line":58,"character":30},"arguments":[{"__symbolic":"reference","module":"../date-time-adapter.class","name":"OWL_DATE_TIME_LOCALE","line":58,"character":37}]}],[{"__symbolic":"call","expression":{"__symbolic":"reference","module":"@angular/core","name":"Optional","line":59,"character":18}},{"__symbolic":"call","expression":{"__symbolic":"reference","module":"@angular/core","name":"Inject","line":59,"character":30},"arguments":[{"__symbolic":"reference","name":"OWL_MOMENT_DATE_TIME_ADAPTER_OPTIONS"}]}]],"parameters":[{"__symbolic":"reference","name":"string"},{"__symbolic":"reference","name":"any"}]}],"setLocale":[{"__symbolic":"method"}],"getYear":[{"__symbolic":"method"}],"getMonth":[{"__symbolic":"method"}],"getDay":[{"__symbolic":"method"}],"getDate":[{"__symbolic":"method"}],"getHours":[{"__symbolic":"method"}],"getMinutes":[{"__symbolic":"method"}],"getSeconds":[{"__symbolic":"method"}],"getTime":[{"__symbolic":"method"}],"getNumDaysInMonth":[{"__symbolic":"method"}],"differenceInCalendarDays":[{"__symbolic":"method"}],"getYearName":[{"__symbolic":"method"}],"getMonthNames":[{"__symbolic":"method"}],"getDayOfWeekNames":[{"__symbolic":"method"}],"getDateNames":[{"__symbolic":"method"}],"toIso8601":[{"__symbolic":"method"}],"isEqual":[{"__symbolic":"method"}],"isSameDay":[{"__symbolic":"method"}],"isValid":[{"__symbolic":"method"}],"invalid":[{"__symbolic":"method"}],"isDateInstance":[{"__symbolic":"method"}],"addCalendarYears":[{"__symbolic":"method"}],"addCalendarMonths":[{"__symbolic":"method"}],"addCalendarDays":[{"__symbolic":"method"}],"setHours":[{"__symbolic":"method"}],"setMinutes":[{"__symbolic":"method"}],"setSeconds":[{"__symbolic":"method"}],"createDate":[{"__symbolic":"method"},{"__symbolic":"method"}],"clone":[{"__symbolic":"method"}],"now":[{"__symbolic":"method"}],"format":[{"__symbolic":"method"}],"parse":[{"__symbolic":"method"}],"deserialize":[{"__symbolic":"method"}],"createMoment":[{"__symbolic":"method"}]}}}}]