[{"__symbolic":"module","version":4,"metadata":{"MomentDateTimeModule":{"__symbolic":"class","decorators":[{"__symbolic":"call","expression":{"__symbolic":"reference","module":"@angular/core","name":"NgModule","line":11,"character":1},"arguments":[{"providers":[{"provide":{"__symbolic":"reference","module":"../date-time-adapter.class","name":"DateTimeAdapter","line":14,"character":21},"useClass":{"__symbolic":"reference","module":"./moment-date-time-adapter.class","name":"MomentDateTimeAdapter","line":15,"character":22},"deps":[{"__symbolic":"reference","module":"../date-time-adapter.class","name":"OWL_DATE_TIME_LOCALE","line":16,"character":19},{"__symbolic":"reference","module":"./moment-date-time-adapter.class","name":"OWL_MOMENT_DATE_TIME_ADAPTER_OPTIONS","line":16,"character":41}]}]}]}]},"ɵ0":{"__symbolic":"reference","module":"./moment-date-time-format.class","name":"OWL_MOMENT_DATE_TIME_FORMATS"},"OwlMomentDateTimeModule":{"__symbolic":"class","decorators":[{"__symbolic":"call","expression":{"__symbolic":"reference","module":"@angular/core","name":"NgModule","line":23,"character":1},"arguments":[{"imports":[{"__symbolic":"reference","name":"MomentDateTimeModule"}],"providers":[{"provide":{"__symbolic":"reference","module":"../date-time-format.class","name":"OWL_DATE_TIME_FORMATS","line":25,"character":26},"useValue":{"__symbolic":"reference","name":"ɵ0"}}]}]}]}}}]