[{"__symbolic":"module","version":4,"metadata":{"OwlCalendarComponent":{"__symbolic":"class","arity":1,"decorators":[{"__symbolic":"call","expression":{"__symbolic":"reference","module":"@angular/core","name":"Component","line":28,"character":1},"arguments":[{"selector":"owl-date-time-calendar","exportAs":"owlDateTimeCalendar","template":"<div class=\"owl-dt-calendar-control\"><!-- focus when keyboard tab (http://kizu.ru/en/blog/keyboard-only-focus/#x) --> <button class=\"owl-dt-control owl-dt-control-button owl-dt-control-arrow-button\" type=\"button\" tabindex=\"0\" [style.visibility]=\"showControlArrows? 'visible': 'hidden'\" [disabled]=\"!prevButtonEnabled()\" [attr.aria-label]=\"prevButtonLabel\" (click)=\"previousClicked()\"><span class=\"owl-dt-control-content owl-dt-control-button-content\" tabindex=\"-1\"><!-- <editor-fold desc=\"SVG Arrow Left\"> --> <svg xmlns=\"http://www.w3.org/2000/svg\" xmlns:xlink=\"http://www.w3.org/1999/xlink\" version=\"1.1\" x=\"0px\" y=\"0px\" viewBox=\"0 0 250.738 250.738\" style=\"enable-background:new 0 0 250.738 250.738;\" xml:space=\"preserve\" width=\"100%\" height=\"100%\"><path style=\"fill-rule: evenodd; clip-rule: evenodd;\" d=\"M96.633,125.369l95.053-94.533c7.101-7.055,7.101-18.492,0-25.546   c-7.1-7.054-18.613-7.054-25.714,0L58.989,111.689c-3.784,3.759-5.487,8.759-5.238,13.68c-0.249,4.922,1.454,9.921,5.238,13.681   l106.983,106.398c7.101,7.055,18.613,7.055,25.714,0c7.101-7.054,7.101-18.491,0-25.544L96.633,125.369z\"/></svg><!-- </editor-fold> --></span></button><div class=\"owl-dt-calendar-control-content\"><button class=\"owl-dt-control owl-dt-control-button owl-dt-control-period-button\" type=\"button\" tabindex=\"0\" [attr.aria-label]=\"periodButtonLabel\" (click)=\"toggleViews()\"><span class=\"owl-dt-control-content owl-dt-control-button-content\" tabindex=\"-1\">{{periodButtonText}} <span class=\"owl-dt-control-button-arrow\" [style.transform]=\"'rotate(' + (isMonthView? 0 : 180) +'deg)'\"><!-- <editor-fold desc=\"SVG Arrow\"> --> <svg version=\"1.1\" xmlns=\"http://www.w3.org/2000/svg\" xmlns:xlink=\"http://www.w3.org/1999/xlink\" x=\"0px\" y=\"0px\" width=\"50%\" height=\"50%\" viewBox=\"0 0 292.362 292.362\" style=\"enable-background:new 0 0 292.362 292.362;\" xml:space=\"preserve\"><g><path d=\"M286.935,69.377c-3.614-3.617-7.898-5.424-12.848-5.424H18.274c-4.952,0-9.233,1.807-12.85,5.424\n                                C1.807,72.998,0,77.279,0,82.228c0,4.948,1.807,9.229,5.424,12.847l127.907,127.907c3.621,3.617,7.902,5.428,12.85,5.428\n                                s9.233-1.811,12.847-5.428L286.935,95.074c3.613-3.617,5.427-7.898,5.427-12.847C292.362,77.279,290.548,72.998,286.935,69.377z\"/></g></svg><!-- </editor-fold> --></span></span></button></div><button class=\"owl-dt-control owl-dt-control-button owl-dt-control-arrow-button\" type=\"button\" tabindex=\"0\" [style.visibility]=\"showControlArrows? 'visible': 'hidden'\" [disabled]=\"!nextButtonEnabled()\" [attr.aria-label]=\"nextButtonLabel\" (click)=\"nextClicked()\"><span class=\"owl-dt-control-content owl-dt-control-button-content\" tabindex=\"-1\"><!-- <editor-fold desc=\"SVG Arrow Right\"> --> <svg version=\"1.1\" xmlns=\"http://www.w3.org/2000/svg\" xmlns:xlink=\"http://www.w3.org/1999/xlink\" x=\"0px\" y=\"0px\" viewBox=\"0 0 250.738 250.738\" style=\"enable-background:new 0 0 250.738 250.738;\" xml:space=\"preserve\"><path style=\"fill-rule:evenodd;clip-rule:evenodd;\" d=\"M191.75,111.689L84.766,5.291c-7.1-7.055-18.613-7.055-25.713,0\n                    c-7.101,7.054-7.101,18.49,0,25.544l95.053,94.534l-95.053,94.533c-7.101,7.054-7.101,18.491,0,25.545\n                    c7.1,7.054,18.613,7.054,25.713,0L191.75,139.05c3.784-3.759,5.487-8.759,5.238-13.681\n                    C197.237,120.447,195.534,115.448,191.75,111.689z\"/></svg><!-- </editor-fold> --></span></button></div><div class=\"owl-dt-calendar-main\" cdkMonitorSubtreeFocus [ngSwitch]=\"currentView\" tabindex=\"-1\"><owl-date-time-month-view *ngSwitchCase=\"'month'\" [pickerMoment]=\"pickerMoment\" [firstDayOfWeek]=\"firstDayOfWeek\" [selected]=\"selected\" [selecteds]=\"selecteds\" [selectMode]=\"selectMode\" [minDate]=\"minDate\" [maxDate]=\"maxDate\" [dateFilter]=\"dateFilter\" [hideOtherMonths]=\"hideOtherMonths\" (pickerMomentChange)=\"handlePickerMomentChange($event)\" (selectedChange)=\"dateSelected($event)\" (userSelection)=\"userSelected()\"></owl-date-time-month-view><owl-date-time-year-view *ngSwitchCase=\"'year'\" [pickerMoment]=\"pickerMoment\" [selected]=\"selected\" [selecteds]=\"selecteds\" [selectMode]=\"selectMode\" [minDate]=\"minDate\" [maxDate]=\"maxDate\" [dateFilter]=\"dateFilter\" (keyboardEnter)=\"focusActiveCell()\" (pickerMomentChange)=\"handlePickerMomentChange($event)\" (monthSelected)=\"selectMonthInYearView($event)\" (change)=\"goToDateInView($event, 'month')\"></owl-date-time-year-view><owl-date-time-multi-year-view *ngSwitchCase=\"'multi-years'\" [pickerMoment]=\"pickerMoment\" [selected]=\"selected\" [selecteds]=\"selecteds\" [selectMode]=\"selectMode\" [minDate]=\"minDate\" [maxDate]=\"maxDate\" [dateFilter]=\"dateFilter\" (keyboardEnter)=\"focusActiveCell()\" (pickerMomentChange)=\"handlePickerMomentChange($event)\" (yearSelected)=\"selectYearInMultiYearView($event)\" (change)=\"goToDateInView($event, 'year')\"></owl-date-time-multi-year-view></div>","styles":[""],"preserveWhitespaces":false,"changeDetection":{"__symbolic":"select","expression":{"__symbolic":"reference","module":"@angular/core","name":"ChangeDetectionStrategy","line":39,"character":21},"member":"OnPush"}}]}],"members":{"dateFilter":[{"__symbolic":"property","decorators":[{"__symbolic":"call","expression":{"__symbolic":"reference","module":"@angular/core","name":"Input","line":48,"character":5}}]}],"firstDayOfWeek":[{"__symbolic":"property","decorators":[{"__symbolic":"call","expression":{"__symbolic":"reference","module":"@angular/core","name":"Input","line":55,"character":5}}]}],"minDate":[{"__symbolic":"property","decorators":[{"__symbolic":"call","expression":{"__symbolic":"reference","module":"@angular/core","name":"Input","line":59,"character":5}}]}],"maxDate":[{"__symbolic":"property","decorators":[{"__symbolic":"call","expression":{"__symbolic":"reference","module":"@angular/core","name":"Input","line":78,"character":5}}]}],"pickerMoment":[{"__symbolic":"property","decorators":[{"__symbolic":"call","expression":{"__symbolic":"reference","module":"@angular/core","name":"Input","line":97,"character":5}}]}],"selectMode":[{"__symbolic":"property","decorators":[{"__symbolic":"call","expression":{"__symbolic":"reference","module":"@angular/core","name":"Input","line":107,"character":5}}]}],"selected":[{"__symbolic":"property","decorators":[{"__symbolic":"call","expression":{"__symbolic":"reference","module":"@angular/core","name":"Input","line":111,"character":5}}]}],"selecteds":[{"__symbolic":"property","decorators":[{"__symbolic":"call","expression":{"__symbolic":"reference","module":"@angular/core","name":"Input","line":122,"character":5}}]}],"startView":[{"__symbolic":"property","decorators":[{"__symbolic":"call","expression":{"__symbolic":"reference","module":"@angular/core","name":"Input","line":139,"character":5}}]}],"hideOtherMonths":[{"__symbolic":"property","decorators":[{"__symbolic":"call","expression":{"__symbolic":"reference","module":"@angular/core","name":"Input","line":144,"character":5}}]}],"pickerMomentChange":[{"__symbolic":"property","decorators":[{"__symbolic":"call","expression":{"__symbolic":"reference","module":"@angular/core","name":"Output","line":147,"character":5}}]}],"selectedChange":[{"__symbolic":"property","decorators":[{"__symbolic":"call","expression":{"__symbolic":"reference","module":"@angular/core","name":"Output","line":150,"character":5}}]}],"userSelection":[{"__symbolic":"property","decorators":[{"__symbolic":"call","expression":{"__symbolic":"reference","module":"@angular/core","name":"Output","line":153,"character":5}}]}],"yearSelected":[{"__symbolic":"property","decorators":[{"__symbolic":"call","expression":{"__symbolic":"reference","module":"@angular/core","name":"Output","line":158,"character":5}}]}],"monthSelected":[{"__symbolic":"property","decorators":[{"__symbolic":"call","expression":{"__symbolic":"reference","module":"@angular/core","name":"Output","line":163,"character":5}}]}],"owlDTCalendarClass":[{"__symbolic":"property","decorators":[{"__symbolic":"call","expression":{"__symbolic":"reference","module":"@angular/core","name":"HostBinding","line":236,"character":5},"arguments":["class.owl-dt-calendar"]}]}],"__ctor__":[{"__symbolic":"constructor","parameterDecorators":[null,null,null,null,[{"__symbolic":"call","expression":{"__symbolic":"reference","module":"@angular/core","name":"Optional","line":254,"character":18}}],[{"__symbolic":"call","expression":{"__symbolic":"reference","module":"@angular/core","name":"Optional","line":255,"character":18}},{"__symbolic":"call","expression":{"__symbolic":"reference","module":"@angular/core","name":"Inject","line":255,"character":30},"arguments":[{"__symbolic":"reference","module":"./adapter/date-time-format.class","name":"OWL_DATE_TIME_FORMATS","line":255,"character":37}]}]],"parameters":[{"__symbolic":"reference","module":"@angular/core","name":"ElementRef","line":250,"character":33},{"__symbolic":"reference","module":"./date-time-picker-intl.service","name":"OwlDateTimeIntl","line":251,"character":37},{"__symbolic":"reference","module":"@angular/core","name":"NgZone","line":252,"character":33},{"__symbolic":"reference","module":"@angular/core","name":"ChangeDetectorRef","line":253,"character":32},{"__symbolic":"reference","module":"./adapter/date-time-adapter.class","name":"DateTimeAdapter","line":254,"character":54,"arguments":[{"__symbolic":"error","message":"Could not resolve type","line":254,"character":70,"context":{"typeName":"T"}}]},{"__symbolic":"reference","module":"./adapter/date-time-format.class","name":"OwlDateTimeFormats","line":255,"character":85}]}],"ngOnInit":[{"__symbolic":"method"}],"ngAfterContentInit":[{"__symbolic":"method"}],"ngAfterViewChecked":[{"__symbolic":"method"}],"ngOnDestroy":[{"__symbolic":"method"}],"toggleViews":[{"__symbolic":"method"}],"previousClicked":[{"__symbolic":"method"}],"nextClicked":[{"__symbolic":"method"}],"dateSelected":[{"__symbolic":"method"}],"goToDateInView":[{"__symbolic":"method"}],"handlePickerMomentChange":[{"__symbolic":"method"}],"userSelected":[{"__symbolic":"method"}],"prevButtonEnabled":[{"__symbolic":"method"}],"nextButtonEnabled":[{"__symbolic":"method"}],"focusActiveCell":[{"__symbolic":"method"}],"selectYearInMultiYearView":[{"__symbolic":"method"}],"selectMonthInYearView":[{"__symbolic":"method"}],"isSameView":[{"__symbolic":"method"}],"getValidDate":[{"__symbolic":"method"}]}}}}]