[{"__symbolic":"module","version":4,"metadata":{"CalendarCell":{"__symbolic":"class","members":{"__ctor__":[{"__symbolic":"constructor","parameters":[{"__symbolic":"reference","name":"number"},{"__symbolic":"reference","name":"string"},{"__symbolic":"reference","name":"string"},{"__symbolic":"reference","name":"boolean"},{"__symbolic":"reference","name":"boolean"},{"__symbolic":"reference","name":"string"}]}]}},"OwlCalendarBodyComponent":{"__symbolic":"class","decorators":[{"__symbolic":"call","expression":{"__symbolic":"reference","module":"@angular/core","name":"Component","line":28,"character":1},"arguments":[{"selector":"[owl-date-time-calendar-body]","exportAs":"owlDateTimeCalendarBody","template":"<tr *ngFor=\"let row of rows; let rowIndex = index\" role=\"row\"><td *ngFor=\"let item of row; let colIndex = index\" class=\"owl-dt-calendar-cell {{item.cellClass}}\" [tabindex]=\"isActiveCell(rowIndex, colIndex) ? 0 : -1\" [class.owl-dt-calendar-cell-active]=\"isActiveCell(rowIndex, colIndex)\" [class.owl-dt-calendar-cell-disabled]=\"!item.enabled\" [class.owl-dt-calendar-cell-in-range]=\"isInRange(item.value)\" [class.owl-dt-calendar-cell-range-from]=\"isRangeFrom(item.value)\" [class.owl-dt-calendar-cell-range-to]=\"isRangeTo(item.value)\" [attr.aria-label]=\"item.ariaLabel\" [attr.aria-disabled]=\"!item.enabled || null\" [style.width.%]=\"100 / numCols\" [style.paddingTop.%]=\"50 * cellRatio / numCols\" [style.paddingBottom.%]=\"50 * cellRatio / numCols\" (click)=\"selectCell(item)\"><span class=\"owl-dt-calendar-cell-content\" [ngClass]=\"{\n                'owl-dt-calendar-cell-out': item.out,\n                'owl-dt-calendar-cell-today': item.value === todayValue,\n                'owl-dt-calendar-cell-selected': isSelected(item.value)\n              }\">{{item.displayValue}}</span></td></tr>","styles":[""],"preserveWhitespaces":false,"changeDetection":{"__symbolic":"select","expression":{"__symbolic":"reference","module":"@angular/core","name":"ChangeDetectionStrategy","line":38,"character":21},"member":"OnPush"}}]}],"members":{"activeCell":[{"__symbolic":"property","decorators":[{"__symbolic":"call","expression":{"__symbolic":"reference","module":"@angular/core","name":"Input","line":48,"character":5}}]}],"rows":[{"__symbolic":"property","decorators":[{"__symbolic":"call","expression":{"__symbolic":"reference","module":"@angular/core","name":"Input","line":53,"character":5}}]}],"numCols":[{"__symbolic":"property","decorators":[{"__symbolic":"call","expression":{"__symbolic":"reference","module":"@angular/core","name":"Input","line":58,"character":5}}]}],"cellRatio":[{"__symbolic":"property","decorators":[{"__symbolic":"call","expression":{"__symbolic":"reference","module":"@angular/core","name":"Input","line":63,"character":5}}]}],"todayValue":[{"__symbolic":"property","decorators":[{"__symbolic":"call","expression":{"__symbolic":"reference","module":"@angular/core","name":"Input","line":68,"character":5}}]}],"selectedValues":[{"__symbolic":"property","decorators":[{"__symbolic":"call","expression":{"__symbolic":"reference","module":"@angular/core","name":"Input","line":73,"character":5}}]}],"selectMode":[{"__symbolic":"property","decorators":[{"__symbolic":"call","expression":{"__symbolic":"reference","module":"@angular/core","name":"Input","line":79,"character":5}}]}],"select":[{"__symbolic":"property","decorators":[{"__symbolic":"call","expression":{"__symbolic":"reference","module":"@angular/core","name":"Output","line":84,"character":5}}]}],"owlDTCalendarBodyClass":[{"__symbolic":"property","decorators":[{"__symbolic":"call","expression":{"__symbolic":"reference","module":"@angular/core","name":"HostBinding","line":86,"character":5},"arguments":["class.owl-dt-calendar-body"]}]}],"__ctor__":[{"__symbolic":"constructor","parameters":[{"__symbolic":"reference","module":"@angular/core","name":"ElementRef","line":100,"character":33},{"__symbolic":"reference","module":"@angular/core","name":"NgZone","line":101,"character":33}]}],"ngOnInit":[{"__symbolic":"method"}],"selectCell":[{"__symbolic":"method"}],"isActiveCell":[{"__symbolic":"method"}],"isSelected":[{"__symbolic":"method"}],"isInRange":[{"__symbolic":"method"}],"isRangeFrom":[{"__symbolic":"method"}],"isRangeTo":[{"__symbolic":"method"}],"focusActiveCell":[{"__symbolic":"method"}]}}}}]