[{"__symbolic":"module","version":4,"metadata":{"YEARS_PER_ROW":3,"YEAR_ROWS":7,"OwlMultiYearViewComponent":{"__symbolic":"class","arity":1,"decorators":[{"__symbolic":"call","expression":{"__symbolic":"reference","module":"@angular/core","name":"Component","line":35,"character":1},"arguments":[{"selector":"owl-date-time-multi-year-view","template":"<button class=\"owl-dt-control-button owl-dt-control-arrow-button\" [disabled]=\"!previousEnabled()\" [attr.aria-label]=\"prevButtonLabel\" type=\"button\" tabindex=\"0\" (click)=\"prevYearList($event)\"><span class=\"owl-dt-control-button-content\" tabindex=\"-1\"><!-- <editor-fold desc=\"SVG Arrow Left\"> --> <svg xmlns=\"http://www.w3.org/2000/svg\" xmlns:xlink=\"http://www.w3.org/1999/xlink\" version=\"1.1\" x=\"0px\" y=\"0px\" viewBox=\"0 0 250.738 250.738\" style=\"enable-background:new 0 0 250.738 250.738;\" xml:space=\"preserve\" width=\"100%\" height=\"100%\"><path style=\"fill-rule: evenodd; clip-rule: evenodd;\" d=\"M96.633,125.369l95.053-94.533c7.101-7.055,7.101-18.492,0-25.546   c-7.1-7.054-18.613-7.054-25.714,0L58.989,111.689c-3.784,3.759-5.487,8.759-5.238,13.68c-0.249,4.922,1.454,9.921,5.238,13.681   l106.983,106.398c7.101,7.055,18.613,7.055,25.714,0c7.101-7.054,7.101-18.491,0-25.544L96.633,125.369z\"/></svg><!-- </editor-fold> --></span></button><table class=\"owl-dt-calendar-table owl-dt-calendar-multi-year-table\"><thead class=\"owl-dt-calendar-header\"><tr><th colspan=\"3\">{{tableHeader}}</th></tr></thead><tbody owl-date-time-calendar-body role=\"grid\" [rows]=\"years\" [numCols]=\"3\" [cellRatio]=\"3 / 7\" [activeCell]=\"activeCell\" [todayValue]=\"todayYear\" [selectedValues]=\"selectedYears\" [selectMode]=\"selectMode\" (keydown)=\"handleCalendarKeydown($event)\" (select)=\"selectCalendarCell($event)\"></tbody></table><button class=\"owl-dt-control-button owl-dt-control-arrow-button\" [disabled]=\"!nextEnabled()\" [attr.aria-label]=\"nextButtonLabel\" type=\"button\" tabindex=\"0\" (click)=\"nextYearList($event)\"><span class=\"owl-dt-control-button-content\" tabindex=\"-1\"><!-- <editor-fold desc=\"SVG Arrow Right\"> --> <svg version=\"1.1\" xmlns=\"http://www.w3.org/2000/svg\" xmlns:xlink=\"http://www.w3.org/1999/xlink\" x=\"0px\" y=\"0px\" viewBox=\"0 0 250.738 250.738\" style=\"enable-background:new 0 0 250.738 250.738;\" xml:space=\"preserve\"><path style=\"fill-rule:evenodd;clip-rule:evenodd;\" d=\"M191.75,111.689L84.766,5.291c-7.1-7.055-18.613-7.055-25.713,0\n                c-7.101,7.054-7.101,18.49,0,25.544l95.053,94.534l-95.053,94.533c-7.101,7.054-7.101,18.491,0,25.545\n                c7.1,7.054,18.613,7.054,25.713,0L191.75,139.05c3.784-3.759,5.487-8.759,5.238-13.681\n                C197.237,120.447,195.534,115.448,191.75,111.689z\"/></svg><!-- </editor-fold> --></span></button>","styles":[""],"preserveWhitespaces":false,"changeDetection":{"__symbolic":"select","expression":{"__symbolic":"reference","module":"@angular/core","name":"ChangeDetectionStrategy","line":43,"character":21},"member":"OnPush"}}]}],"members":{"selectMode":[{"__symbolic":"property","decorators":[{"__symbolic":"call","expression":{"__symbolic":"reference","module":"@angular/core","name":"Input","line":52,"character":5}}]}],"selected":[{"__symbolic":"property","decorators":[{"__symbolic":"call","expression":{"__symbolic":"reference","module":"@angular/core","name":"Input","line":67,"character":5}}]}],"selecteds":[{"__symbolic":"property","decorators":[{"__symbolic":"call","expression":{"__symbolic":"reference","module":"@angular/core","name":"Input","line":83,"character":5}}]}],"pickerMoment":[{"__symbolic":"property","decorators":[{"__symbolic":"call","expression":{"__symbolic":"reference","module":"@angular/core","name":"Input","line":97,"character":5}}]}],"dateFilter":[{"__symbolic":"property","decorators":[{"__symbolic":"call","expression":{"__symbolic":"reference","module":"@angular/core","name":"Input","line":117,"character":5}}]}],"minDate":[{"__symbolic":"property","decorators":[{"__symbolic":"call","expression":{"__symbolic":"reference","module":"@angular/core","name":"Input","line":131,"character":5}}]}],"maxDate":[{"__symbolic":"property","decorators":[{"__symbolic":"call","expression":{"__symbolic":"reference","module":"@angular/core","name":"Input","line":146,"character":5}}]}],"change":[{"__symbolic":"property","decorators":[{"__symbolic":"call","expression":{"__symbolic":"reference","module":"@angular/core","name":"Output","line":208,"character":5}}]}],"yearSelected":[{"__symbolic":"property","decorators":[{"__symbolic":"call","expression":{"__symbolic":"reference","module":"@angular/core","name":"Output","line":213,"character":5}}]}],"pickerMomentChange":[{"__symbolic":"property","decorators":[{"__symbolic":"call","expression":{"__symbolic":"reference","module":"@angular/core","name":"Output","line":216,"character":5}}]}],"keyboardEnter":[{"__symbolic":"property","decorators":[{"__symbolic":"call","expression":{"__symbolic":"reference","module":"@angular/core","name":"Output","line":219,"character":5}}]}],"calendarBodyElm":[{"__symbolic":"property","decorators":[{"__symbolic":"call","expression":{"__symbolic":"reference","module":"@angular/core","name":"ViewChild","line":222,"character":5},"arguments":[{"__symbolic":"reference","module":"./calendar-body.component","name":"OwlCalendarBodyComponent","line":222,"character":15}]}]}],"owlDTCalendarView":[{"__symbolic":"property","decorators":[{"__symbolic":"call","expression":{"__symbolic":"reference","module":"@angular/core","name":"HostBinding","line":224,"character":5},"arguments":["class.owl-dt-calendar-view"]}]}],"owlDTCalendarMultiYearView":[{"__symbolic":"property","decorators":[{"__symbolic":"call","expression":{"__symbolic":"reference","module":"@angular/core","name":"HostBinding","line":229,"character":5},"arguments":["class.owl-dt-calendar-multi-year-view"]}]}],"__ctor__":[{"__symbolic":"constructor","parameterDecorators":[null,null,[{"__symbolic":"call","expression":{"__symbolic":"reference","module":"@angular/core","name":"Optional","line":236,"character":18}}]],"parameters":[{"__symbolic":"reference","module":"@angular/core","name":"ChangeDetectorRef","line":234,"character":32},{"__symbolic":"reference","module":"./date-time-picker-intl.service","name":"OwlDateTimeIntl","line":235,"character":37},{"__symbolic":"reference","module":"./adapter/date-time-adapter.class","name":"DateTimeAdapter","line":236,"character":54,"arguments":[{"__symbolic":"error","message":"Could not resolve type","line":236,"character":70,"context":{"typeName":"T"}}]}]}],"ngOnInit":[{"__symbolic":"method"}],"ngAfterContentInit":[{"__symbolic":"method"}],"selectCalendarCell":[{"__symbolic":"method"}],"selectYear":[{"__symbolic":"method"}],"prevYearList":[{"__symbolic":"method"}],"nextYearList":[{"__symbolic":"method"}],"generateYearList":[{"__symbolic":"method"}],"previousEnabled":[{"__symbolic":"method"}],"nextEnabled":[{"__symbolic":"method"}],"handleCalendarKeydown":[{"__symbolic":"method"}],"createYearCell":[{"__symbolic":"method"}],"setSelectedYears":[{"__symbolic":"method"}],"isYearEnabled":[{"__symbolic":"method"}],"isSameYearList":[{"__symbolic":"method"}],"getValidDate":[{"__symbolic":"method"}],"focusActiveCell":[{"__symbolic":"method"}]}}}}]