[{"__symbolic":"module","version":4,"metadata":{"OwlYearViewComponent":{"__symbolic":"class","arity":1,"decorators":[{"__symbolic":"call","expression":{"__symbolic":"reference","module":"@angular/core","name":"Component","line":39,"character":1},"arguments":[{"selector":"owl-date-time-year-view","exportAs":"owlMonthView","template":"<table class=\"owl-dt-calendar-table owl-dt-calendar-year-table\"><thead class=\"owl-dt-calendar-header\"><tr><th class=\"owl-dt-calendar-table-divider\" aria-hidden=\"true\" colspan=\"3\"></th></tr></thead><tbody owl-date-time-calendar-body role=\"grid\" [rows]=\"months\" [numCols]=\"3\" [cellRatio]=\"3 / 7\" [activeCell]=\"activeCell\" [todayValue]=\"todayMonth\" [selectedValues]=\"selectedMonths\" [selectMode]=\"selectMode\" (keydown)=\"handleCalendarKeydown($event)\" (select)=\"selectCalendarCell($event)\"></tbody></table>","styles":[""],"preserveWhitespaces":false,"changeDetection":{"__symbolic":"select","expression":{"__symbolic":"reference","module":"@angular/core","name":"ChangeDetectionStrategy","line":45,"character":21},"member":"OnPush"}}]}],"members":{"selectMode":[{"__symbolic":"property","decorators":[{"__symbolic":"call","expression":{"__symbolic":"reference","module":"@angular/core","name":"Input","line":54,"character":5}}]}],"selected":[{"__symbolic":"property","decorators":[{"__symbolic":"call","expression":{"__symbolic":"reference","module":"@angular/core","name":"Input","line":69,"character":5}}]}],"selecteds":[{"__symbolic":"property","decorators":[{"__symbolic":"call","expression":{"__symbolic":"reference","module":"@angular/core","name":"Input","line":81,"character":5}}]}],"pickerMoment":[{"__symbolic":"property","decorators":[{"__symbolic":"call","expression":{"__symbolic":"reference","module":"@angular/core","name":"Input","line":97,"character":5}}]}],"dateFilter":[{"__symbolic":"property","decorators":[{"__symbolic":"call","expression":{"__symbolic":"reference","module":"@angular/core","name":"Input","line":116,"character":5}}]}],"minDate":[{"__symbolic":"property","decorators":[{"__symbolic":"call","expression":{"__symbolic":"reference","module":"@angular/core","name":"Input","line":130,"character":5}}]}],"maxDate":[{"__symbolic":"property","decorators":[{"__symbolic":"call","expression":{"__symbolic":"reference","module":"@angular/core","name":"Input","line":145,"character":5}}]}],"change":[{"__symbolic":"property","decorators":[{"__symbolic":"call","expression":{"__symbolic":"reference","module":"@angular/core","name":"Output","line":195,"character":5}}]}],"monthSelected":[{"__symbolic":"property","decorators":[{"__symbolic":"call","expression":{"__symbolic":"reference","module":"@angular/core","name":"Output","line":200,"character":5}}]}],"pickerMomentChange":[{"__symbolic":"property","decorators":[{"__symbolic":"call","expression":{"__symbolic":"reference","module":"@angular/core","name":"Output","line":203,"character":5}}]}],"keyboardEnter":[{"__symbolic":"property","decorators":[{"__symbolic":"call","expression":{"__symbolic":"reference","module":"@angular/core","name":"Output","line":206,"character":5}}]}],"calendarBodyElm":[{"__symbolic":"property","decorators":[{"__symbolic":"call","expression":{"__symbolic":"reference","module":"@angular/core","name":"ViewChild","line":209,"character":5},"arguments":[{"__symbolic":"reference","module":"./calendar-body.component","name":"OwlCalendarBodyComponent","line":209,"character":15}]}]}],"owlDTCalendarView":[{"__symbolic":"property","decorators":[{"__symbolic":"call","expression":{"__symbolic":"reference","module":"@angular/core","name":"HostBinding","line":211,"character":5},"arguments":["class.owl-dt-calendar-view"]}]}],"__ctor__":[{"__symbolic":"constructor","parameterDecorators":[null,[{"__symbolic":"call","expression":{"__symbolic":"reference","module":"@angular/core","name":"Optional","line":217,"character":18}}],[{"__symbolic":"call","expression":{"__symbolic":"reference","module":"@angular/core","name":"Optional","line":218,"character":18}},{"__symbolic":"call","expression":{"__symbolic":"reference","module":"@angular/core","name":"Inject","line":218,"character":30},"arguments":[{"__symbolic":"reference","module":"./adapter/date-time-format.class","name":"OWL_DATE_TIME_FORMATS","line":218,"character":37}]}]],"parameters":[{"__symbolic":"reference","module":"@angular/core","name":"ChangeDetectorRef","line":216,"character":32},{"__symbolic":"reference","module":"./adapter/date-time-adapter.class","name":"DateTimeAdapter","line":217,"character":54,"arguments":[{"__symbolic":"error","message":"Could not resolve type","line":217,"character":70,"context":{"typeName":"T"}}]},{"__symbolic":"reference","module":"./adapter/date-time-format.class","name":"OwlDateTimeFormats","line":218,"character":85}]}],"ngOnInit":[{"__symbolic":"method"}],"ngAfterContentInit":[{"__symbolic":"method"}],"ngOnDestroy":[{"__symbolic":"method"}],"selectCalendarCell":[{"__symbolic":"method"}],"selectMonth":[{"__symbolic":"method"}],"handleCalendarKeydown":[{"__symbolic":"method"}],"generateMonthList":[{"__symbolic":"method"}],"createMonthCell":[{"__symbolic":"method"}],"isMonthEnabled":[{"__symbolic":"method"}],"getMonthInCurrentYear":[{"__symbolic":"method"}],"setSelectedMonths":[{"__symbolic":"method"}],"hasSameYear":[{"__symbolic":"method"}],"getValidDate":[{"__symbolic":"method"}],"focusActiveCell":[{"__symbolic":"method"}]}}}}]