[{"__symbolic":"module","version":4,"metadata":{"OwlMonthViewComponent":{"__symbolic":"class","arity":1,"decorators":[{"__symbolic":"call","expression":{"__symbolic":"reference","module":"@angular/core","name":"Component","line":40,"character":1},"arguments":[{"selector":"owl-date-time-month-view","exportAs":"owlYearView","template":"<table class=\"owl-dt-calendar-table owl-dt-calendar-month-table\" [class.owl-dt-calendar-only-current-month]=\"hideOtherMonths\"><thead class=\"owl-dt-calendar-header\"><tr class=\"owl-dt-weekdays\"><th *ngFor=\"let weekday of weekdays\" [attr.aria-label]=\"weekday.long\" class=\"owl-dt-weekday\" scope=\"col\"><span>{{weekday.short}}</span></th></tr><tr><th class=\"owl-dt-calendar-table-divider\" aria-hidden=\"true\" colspan=\"7\"></th></tr></thead><tbody owl-date-time-calendar-body role=\"grid\" [rows]=\"days\" [todayValue]=\"todayDate\" [selectedValues]=\"selectedDates\" [selectMode]=\"selectMode\" [activeCell]=\"activeCell\" (keydown)=\"handleCalendarKeydown($event)\" (select)=\"selectCalendarCell($event)\"></tbody></table>","styles":[""],"preserveWhitespaces":false,"changeDetection":{"__symbolic":"select","expression":{"__symbolic":"reference","module":"@angular/core","name":"ChangeDetectionStrategy","line":46,"character":21},"member":"OnPush"}}]}],"members":{"hideOtherMonths":[{"__symbolic":"property","decorators":[{"__symbolic":"call","expression":{"__symbolic":"reference","module":"@angular/core","name":"Input","line":54,"character":5}}]}],"firstDayOfWeek":[{"__symbolic":"property","decorators":[{"__symbolic":"call","expression":{"__symbolic":"reference","module":"@angular/core","name":"Input","line":61,"character":5}}]}],"selectMode":[{"__symbolic":"property","decorators":[{"__symbolic":"call","expression":{"__symbolic":"reference","module":"@angular/core","name":"Input","line":83,"character":5}}]}],"selected":[{"__symbolic":"property","decorators":[{"__symbolic":"call","expression":{"__symbolic":"reference","module":"@angular/core","name":"Input","line":98,"character":5}}]}],"selecteds":[{"__symbolic":"property","decorators":[{"__symbolic":"call","expression":{"__symbolic":"reference","module":"@angular/core","name":"Input","line":114,"character":5}}]}],"pickerMoment":[{"__symbolic":"property","decorators":[{"__symbolic":"call","expression":{"__symbolic":"reference","module":"@angular/core","name":"Input","line":128,"character":5}}]}],"dateFilter":[{"__symbolic":"property","decorators":[{"__symbolic":"call","expression":{"__symbolic":"reference","module":"@angular/core","name":"Input","line":153,"character":5}}]}],"minDate":[{"__symbolic":"property","decorators":[{"__symbolic":"call","expression":{"__symbolic":"reference","module":"@angular/core","name":"Input","line":168,"character":5}}]}],"maxDate":[{"__symbolic":"property","decorators":[{"__symbolic":"call","expression":{"__symbolic":"reference","module":"@angular/core","name":"Input","line":184,"character":5}}]}],"selectedChange":[{"__symbolic":"property","decorators":[{"__symbolic":"call","expression":{"__symbolic":"reference","module":"@angular/core","name":"Output","line":249,"character":5}}]}],"userSelection":[{"__symbolic":"property","decorators":[{"__symbolic":"call","expression":{"__symbolic":"reference","module":"@angular/core","name":"Output","line":254,"character":5}}]}],"pickerMomentChange":[{"__symbolic":"property","decorators":[{"__symbolic":"call","expression":{"__symbolic":"reference","module":"@angular/core","name":"Output","line":257,"character":5}}]}],"calendarBodyElm":[{"__symbolic":"property","decorators":[{"__symbolic":"call","expression":{"__symbolic":"reference","module":"@angular/core","name":"ViewChild","line":260,"character":5},"arguments":[{"__symbolic":"reference","module":"./calendar-body.component","name":"OwlCalendarBodyComponent","line":260,"character":15}]}]}],"owlDTCalendarView":[{"__symbolic":"property","decorators":[{"__symbolic":"call","expression":{"__symbolic":"reference","module":"@angular/core","name":"HostBinding","line":262,"character":5},"arguments":["class.owl-dt-calendar-view"]}]}],"__ctor__":[{"__symbolic":"constructor","parameterDecorators":[null,[{"__symbolic":"call","expression":{"__symbolic":"reference","module":"@angular/core","name":"Optional","line":268,"character":18}}],[{"__symbolic":"call","expression":{"__symbolic":"reference","module":"@angular/core","name":"Optional","line":269,"character":18}},{"__symbolic":"call","expression":{"__symbolic":"reference","module":"@angular/core","name":"Inject","line":269,"character":30},"arguments":[{"__symbolic":"reference","module":"./adapter/date-time-format.class","name":"OWL_DATE_TIME_FORMATS","line":269,"character":37}]}]],"parameters":[{"__symbolic":"reference","module":"@angular/core","name":"ChangeDetectorRef","line":267,"character":32},{"__symbolic":"reference","module":"./adapter/date-time-adapter.class","name":"DateTimeAdapter","line":268,"character":54,"arguments":[{"__symbolic":"error","message":"Could not resolve type","line":268,"character":70,"context":{"typeName":"T"}}]},{"__symbolic":"reference","module":"./adapter/date-time-format.class","name":"OwlDateTimeFormats","line":269,"character":85}]}],"ngOnInit":[{"__symbolic":"method"}],"ngAfterContentInit":[{"__symbolic":"method"}],"ngOnDestroy":[{"__symbolic":"method"}],"selectCalendarCell":[{"__symbolic":"method"}],"selectDate":[{"__symbolic":"method"}],"handleCalendarKeydown":[{"__symbolic":"method"}],"generateWeekDays":[{"__symbolic":"method"}],"generateCalendar":[{"__symbolic":"method"}],"createDateCell":[{"__symbolic":"method"}],"isDateEnabled":[{"__symbolic":"method"}],"getValidDate":[{"__symbolic":"method"}],"isSameMonth":[{"__symbolic":"method"}],"setSelectedDates":[{"__symbolic":"method"}],"focusActiveCell":[{"__symbolic":"method"}]}}}}]