[{"__symbolic":"module","version":4,"metadata":{"OwlDateTimeTriggerDirective":{"__symbolic":"class","arity":1,"decorators":[{"__symbolic":"call","expression":{"__symbolic":"reference","module":"@angular/core","name":"Directive","line":20,"character":1},"arguments":[{"selector":"[owlDateTimeTrigger]"}]}],"members":{"dtPicker":[{"__symbolic":"property","decorators":[{"__symbolic":"call","expression":{"__symbolic":"reference","module":"@angular/core","name":"Input","line":25,"character":5},"arguments":["owlDateTimeTrigger"]}]}],"disabled":[{"__symbolic":"property","decorators":[{"__symbolic":"call","expression":{"__symbolic":"reference","module":"@angular/core","name":"Input","line":28,"character":5}}]}],"owlDTTriggerDisabledClass":[{"__symbolic":"property","decorators":[{"__symbolic":"call","expression":{"__symbolic":"reference","module":"@angular/core","name":"HostBinding","line":37,"character":5},"arguments":["class.owl-dt-trigger-disabled"]}]}],"__ctor__":[{"__symbolic":"constructor","parameters":[{"__symbolic":"reference","module":"@angular/core","name":"ChangeDetectorRef","line":44,"character":43}]}],"ngOnInit":[{"__symbolic":"method"}],"ngOnChanges":[{"__symbolic":"method"}],"ngAfterContentInit":[{"__symbolic":"method"}],"ngOnDestroy":[{"__symbolic":"method"}],"handleClickOnHost":[{"__symbolic":"method","decorators":[{"__symbolic":"call","expression":{"__symbolic":"reference","module":"@angular/core","name":"HostListener","line":64,"character":5},"arguments":["click",["$event"]]}]}],"watchStateChanges":[{"__symbolic":"method"}]}}}}]