[{"__symbolic":"module","version":4,"metadata":{"OWL_DATETIME_VALUE_ACCESSOR":{"provide":{"__symbolic":"reference","module":"@angular/forms","name":"NG_VALUE_ACCESSOR","line":39,"character":13},"useExisting":{"__symbolic":"reference","name":"OwlDateTimeInputDirective"},"multi":true},"OWL_DATETIME_VALIDATORS":{"provide":{"__symbolic":"reference","module":"@angular/forms","name":"NG_VALIDATORS","line":45,"character":13},"useExisting":{"__symbolic":"reference","name":"OwlDateTimeInputDirective"},"multi":true},"OwlDateTimeInputDirective":{"__symbolic":"class","arity":1,"decorators":[{"__symbolic":"call","expression":{"__symbolic":"reference","module":"@angular/core","name":"Directive","line":50,"character":1},"arguments":[{"selector":"input[owlDateTime]","exportAs":"owlDateTimeInput","providers":[{"__symbolic":"reference","name":"OWL_DATETIME_VALUE_ACCESSOR"},{"__symbolic":"reference","name":"OWL_DATETIME_VALIDATORS"}]}]}],"members":{"owlDateTime":[{"__symbolic":"property","decorators":[{"__symbolic":"call","expression":{"__symbolic":"reference","module":"@angular/core","name":"Input","line":64,"character":5}}]}],"owlDateTimeFilter":[{"__symbolic":"property","decorators":[{"__symbolic":"call","expression":{"__symbolic":"reference","module":"@angular/core","name":"Input","line":74,"character":5}}]}],"_disabled":[{"__symbolic":"property","decorators":[{"__symbolic":"call","expression":{"__symbolic":"reference","module":"@angular/core","name":"Input","line":86,"character":5}}]}],"min":[{"__symbolic":"property","decorators":[{"__symbolic":"call","expression":{"__symbolic":"reference","module":"@angular/core","name":"Input","line":112,"character":5}}]}],"max":[{"__symbolic":"property","decorators":[{"__symbolic":"call","expression":{"__symbolic":"reference","module":"@angular/core","name":"Input","line":124,"character":5}}]}],"selectMode":[{"__symbolic":"property","decorators":[{"__symbolic":"call","expression":{"__symbolic":"reference","module":"@angular/core","name":"Input","line":140,"character":5}}]}],"rangeSeparator":[{"__symbolic":"property","decorators":[{"__symbolic":"call","expression":{"__symbolic":"reference","module":"@angular/core","name":"Input","line":160,"character":5}}]}],"value":[{"__symbolic":"property","decorators":[{"__symbolic":"call","expression":{"__symbolic":"reference","module":"@angular/core","name":"Input","line":163,"character":5}}]}],"values":[{"__symbolic":"property","decorators":[{"__symbolic":"call","expression":{"__symbolic":"reference","module":"@angular/core","name":"Input","line":185,"character":5}}]}],"dateTimeChange":[{"__symbolic":"property","decorators":[{"__symbolic":"call","expression":{"__symbolic":"reference","module":"@angular/core","name":"Output","line":211,"character":5}}]}],"dateTimeInput":[{"__symbolic":"property","decorators":[{"__symbolic":"call","expression":{"__symbolic":"reference","module":"@angular/core","name":"Output","line":216,"character":5}}]}],"owlDateTimeInputAriaHaspopup":[{"__symbolic":"property","decorators":[{"__symbolic":"call","expression":{"__symbolic":"reference","module":"@angular/core","name":"HostBinding","line":326,"character":5},"arguments":["attr.aria-haspopup"]}]}],"owlDateTimeInputAriaOwns":[{"__symbolic":"property","decorators":[{"__symbolic":"call","expression":{"__symbolic":"reference","module":"@angular/core","name":"HostBinding","line":331,"character":5},"arguments":["attr.aria-owns"]}]}],"minIso8601":[{"__symbolic":"property","decorators":[{"__symbolic":"call","expression":{"__symbolic":"reference","module":"@angular/core","name":"HostBinding","line":336,"character":5},"arguments":["attr.min"]}]}],"maxIso8601":[{"__symbolic":"property","decorators":[{"__symbolic":"call","expression":{"__symbolic":"reference","module":"@angular/core","name":"HostBinding","line":341,"character":5},"arguments":["attr.max"]}]}],"owlDateTimeInputDisabled":[{"__symbolic":"property","decorators":[{"__symbolic":"call","expression":{"__symbolic":"reference","module":"@angular/core","name":"HostBinding","line":346,"character":5},"arguments":["disabled"]}]}],"__ctor__":[{"__symbolic":"constructor","parameterDecorators":[null,null,[{"__symbolic":"call","expression":{"__symbolic":"reference","module":"@angular/core","name":"Optional","line":353,"character":18}}],[{"__symbolic":"call","expression":{"__symbolic":"reference","module":"@angular/core","name":"Optional","line":354,"character":18}},{"__symbolic":"call","expression":{"__symbolic":"reference","module":"@angular/core","name":"Inject","line":354,"character":30},"arguments":[{"__symbolic":"reference","module":"./adapter/date-time-format.class","name":"OWL_DATE_TIME_FORMATS","line":354,"character":37}]}]],"parameters":[{"__symbolic":"reference","module":"@angular/core","name":"ElementRef","line":351,"character":33},{"__symbolic":"reference","module":"@angular/core","name":"Renderer2","line":352,"character":35},{"__symbolic":"reference","module":"./adapter/date-time-adapter.class","name":"DateTimeAdapter","line":353,"character":54,"arguments":[{"__symbolic":"error","message":"Could not resolve type","line":353,"character":70,"context":{"typeName":"T"}}]},{"__symbolic":"reference","module":"./adapter/date-time-format.class","name":"OwlDateTimeFormats","line":354,"character":85}]}],"ngOnInit":[{"__symbolic":"method"}],"ngAfterContentInit":[{"__symbolic":"method"}],"ngOnDestroy":[{"__symbolic":"method"}],"writeValue":[{"__symbolic":"method"}],"registerOnChange":[{"__symbolic":"method"}],"registerOnTouched":[{"__symbolic":"method"}],"setDisabledState":[{"__symbolic":"method"}],"validate":[{"__symbolic":"method"}],"registerOnValidatorChange":[{"__symbolic":"method"}],"handleKeydownOnHost":[{"__symbolic":"method","decorators":[{"__symbolic":"call","expression":{"__symbolic":"reference","module":"@angular/core","name":"HostListener","line":436,"character":5},"arguments":["keydown",["$event"]]}]}],"handleBlurOnHost":[{"__symbolic":"method","decorators":[{"__symbolic":"call","expression":{"__symbolic":"reference","module":"@angular/core","name":"HostListener","line":444,"character":5},"arguments":["blur",["$event"]]}]}],"handleInputOnHost":[{"__symbolic":"method","decorators":[{"__symbolic":"call","expression":{"__symbolic":"reference","module":"@angular/core","name":"HostListener","line":449,"character":5},"arguments":["input",["$event"]]}]}],"handleChangeOnHost":[{"__symbolic":"method","decorators":[{"__symbolic":"call","expression":{"__symbolic":"reference","module":"@angular/core","name":"HostListener","line":461,"character":5},"arguments":["change",["$event"]]}]}],"formatNativeInputValue":[{"__symbolic":"method"}],"registerDateTimePicker":[{"__symbolic":"method"}],"getValidDate":[{"__symbolic":"method"}],"convertTimeStringToDateTimeString":[{"__symbolic":"method"}],"changeInputInSingleMode":[{"__symbolic":"method"}],"changeInputInRangeFromToMode":[{"__symbolic":"method"}],"changeInputInRangeMode":[{"__symbolic":"method"}],"isSameValue":[{"__symbolic":"method"}]}}}}]