[{"__symbolic":"module","version":4,"metadata":{"OWL_DATETIME_VALUE_ACCESSOR":{"provide":{"__symbolic":"reference","module":"@angular/forms","name":"NG_VALUE_ACCESSOR","line":23,"character":13},"useExisting":{"__symbolic":"reference","name":"OwlDateTimeInlineComponent"},"multi":true},"OwlDateTimeInlineComponent":{"__symbolic":"class","extends":{"__symbolic":"reference","module":"./date-time.class","name":"OwlDateTime","line":39,"character":51},"arity":1,"decorators":[{"__symbolic":"call","expression":{"__symbolic":"reference","module":"@angular/core","name":"Component","line":28,"character":1},"arguments":[{"selector":"owl-date-time-inline","template":"<owl-date-time-container></owl-date-time-container>","styles":[""],"changeDetection":{"__symbolic":"select","expression":{"__symbolic":"reference","module":"@angular/core","name":"ChangeDetectionStrategy","line":32,"character":21},"member":"OnPush"},"preserveWhitespaces":false,"providers":[{"__symbolic":"reference","name":"OWL_DATETIME_VALUE_ACCESSOR"}]}]}],"members":{"container":[{"__symbolic":"property","decorators":[{"__symbolic":"call","expression":{"__symbolic":"reference","module":"@angular/core","name":"ViewChild","line":41,"character":5},"arguments":[{"__symbolic":"reference","module":"./date-time-picker-container.component","name":"OwlDateTimeContainerComponent","line":41,"character":15}]}]}],"pickerType":[{"__symbolic":"property","decorators":[{"__symbolic":"call","expression":{"__symbolic":"reference","module":"@angular/core","name":"Input","line":52,"character":5}}]}],"disabled":[{"__symbolic":"property","decorators":[{"__symbolic":"call","expression":{"__symbolic":"reference","module":"@angular/core","name":"Input","line":64,"character":5}}]}],"selectMode":[{"__symbolic":"property","decorators":[{"__symbolic":"call","expression":{"__symbolic":"reference","module":"@angular/core","name":"Input","line":74,"character":5}}]}],"startAt":[{"__symbolic":"property","decorators":[{"__symbolic":"call","expression":{"__symbolic":"reference","module":"@angular/core","name":"Input","line":91,"character":5}}]}],"dateTimeFilter":[{"__symbolic":"property","decorators":[{"__symbolic":"call","expression":{"__symbolic":"reference","module":"@angular/core","name":"Input","line":115,"character":5},"arguments":["owlDateTimeFilter"]}]}],"minDateTime":[{"__symbolic":"property","decorators":[{"__symbolic":"call","expression":{"__symbolic":"reference","module":"@angular/core","name":"Input","line":131,"character":5},"arguments":["min"]}]}],"maxDateTime":[{"__symbolic":"property","decorators":[{"__symbolic":"call","expression":{"__symbolic":"reference","module":"@angular/core","name":"Input","line":144,"character":5},"arguments":["max"]}]}],"value":[{"__symbolic":"property","decorators":[{"__symbolic":"call","expression":{"__symbolic":"reference","module":"@angular/core","name":"Input","line":151,"character":5}}]}],"values":[{"__symbolic":"property","decorators":[{"__symbolic":"call","expression":{"__symbolic":"reference","module":"@angular/core","name":"Input","line":164,"character":5}}]}],"yearSelected":[{"__symbolic":"property","decorators":[{"__symbolic":"call","expression":{"__symbolic":"reference","module":"@angular/core","name":"Output","line":188,"character":5}}]}],"monthSelected":[{"__symbolic":"property","decorators":[{"__symbolic":"call","expression":{"__symbolic":"reference","module":"@angular/core","name":"Output","line":194,"character":5}}]}],"owlDTInlineClass":[{"__symbolic":"property","decorators":[{"__symbolic":"call","expression":{"__symbolic":"reference","module":"@angular/core","name":"HostBinding","line":233,"character":5},"arguments":["class.owl-dt-inline"]}]}],"__ctor__":[{"__symbolic":"constructor","parameterDecorators":[null,[{"__symbolic":"call","expression":{"__symbolic":"reference","module":"@angular/core","name":"Optional","line":244,"character":18}}],[{"__symbolic":"call","expression":{"__symbolic":"reference","module":"@angular/core","name":"Optional","line":245,"character":18}},{"__symbolic":"call","expression":{"__symbolic":"reference","module":"@angular/core","name":"Inject","line":245,"character":30},"arguments":[{"__symbolic":"reference","module":"./adapter/date-time-format.class","name":"OWL_DATE_TIME_FORMATS","line":245,"character":37}]}]],"parameters":[{"__symbolic":"reference","module":"@angular/core","name":"ChangeDetectorRef","line":243,"character":43},{"__symbolic":"reference","module":"./adapter/date-time-adapter.class","name":"DateTimeAdapter","line":244,"character":56,"arguments":[{"__symbolic":"error","message":"Could not resolve type","line":244,"character":72,"context":{"typeName":"T"}}]},{"__symbolic":"reference","module":"./adapter/date-time-format.class","name":"OwlDateTimeFormats","line":245,"character":87}]}],"ngOnInit":[{"__symbolic":"method"}],"writeValue":[{"__symbolic":"method"}],"registerOnChange":[{"__symbolic":"method"}],"registerOnTouched":[{"__symbolic":"method"}],"setDisabledState":[{"__symbolic":"method"}],"select":[{"__symbolic":"method"}],"selectYear":[{"__symbolic":"method"}],"selectMonth":[{"__symbolic":"method"}]}}}}]