[{"__symbolic":"module","version":4,"metadata":{"PickerType":{"__symbolic":"interface"},"PickerMode":{"__symbolic":"interface"},"SelectMode":{"__symbolic":"interface"},"OwlDateTime":{"__symbolic":"class","arity":1,"members":{"showSecondsTimer":[{"__symbolic":"property","decorators":[{"__symbolic":"call","expression":{"__symbolic":"reference","module":"@angular/core","name":"Input","line":24,"character":5}}]}],"hour12Timer":[{"__symbolic":"property","decorators":[{"__symbolic":"call","expression":{"__symbolic":"reference","module":"@angular/core","name":"Input","line":39,"character":5}}]}],"startView":[{"__symbolic":"property","decorators":[{"__symbolic":"call","expression":{"__symbolic":"reference","module":"@angular/core","name":"Input","line":53,"character":5}}]}],"stepHour":[{"__symbolic":"property","decorators":[{"__symbolic":"call","expression":{"__symbolic":"reference","module":"@angular/core","name":"Input","line":61,"character":5}}]}],"stepMinute":[{"__symbolic":"property","decorators":[{"__symbolic":"call","expression":{"__symbolic":"reference","module":"@angular/core","name":"Input","line":76,"character":5}}]}],"stepSecond":[{"__symbolic":"property","decorators":[{"__symbolic":"call","expression":{"__symbolic":"reference","module":"@angular/core","name":"Input","line":91,"character":5}}]}],"firstDayOfWeek":[{"__symbolic":"property","decorators":[{"__symbolic":"call","expression":{"__symbolic":"reference","module":"@angular/core","name":"Input","line":106,"character":5}}]}],"hideOtherMonths":[{"__symbolic":"property","decorators":[{"__symbolic":"call","expression":{"__symbolic":"reference","module":"@angular/core","name":"Input","line":126,"character":5}}]}],"select":[{"__symbolic":"method"}],"selectYear":[{"__symbolic":"method"}],"selectMonth":[{"__symbolic":"method"}],"__ctor__":[{"__symbolic":"constructor","parameterDecorators":[[{"__symbolic":"call","expression":{"__symbolic":"reference","module":"@angular/core","name":"Optional","line":195,"character":18}}],[{"__symbolic":"call","expression":{"__symbolic":"reference","module":"@angular/core","name":"Optional","line":196,"character":18}},{"__symbolic":"call","expression":{"__symbolic":"reference","module":"@angular/core","name":"Inject","line":196,"character":30},"arguments":[{"__symbolic":"reference","module":"./adapter/date-time-format.class","name":"OWL_DATE_TIME_FORMATS","line":196,"character":37}]}]],"parameters":[{"__symbolic":"reference","module":"./adapter/date-time-adapter.class","name":"DateTimeAdapter","line":195,"character":56,"arguments":[{"__symbolic":"error","message":"Could not resolve type","line":195,"character":72,"context":{"typeName":"T"}}]},{"__symbolic":"reference","module":"./adapter/date-time-format.class","name":"OwlDateTimeFormats","line":196,"character":87}]}],"getValidDate":[{"__symbolic":"method"}]}}}}]