[{"__symbolic":"module","version":4,"metadata":{"owlDateTimePickerAnimations":{"transformPicker":{"__symbolic":"call","expression":{"__symbolic":"reference","module":"@angular/animations","name":"trigger","line":19,"character":21},"arguments":["transformPicker",[{"__symbolic":"call","expression":{"__symbolic":"reference","module":"@angular/animations","name":"state","line":20,"character":8},"arguments":["void",{"__symbolic":"call","expression":{"__symbolic":"reference","module":"@angular/animations","name":"style","line":20,"character":22},"arguments":[{"opacity":0,"transform":"scale(1, 0)"}]}]},{"__symbolic":"call","expression":{"__symbolic":"reference","module":"@angular/animations","name":"state","line":21,"character":8},"arguments":["enter",{"__symbolic":"call","expression":{"__symbolic":"reference","module":"@angular/animations","name":"style","line":21,"character":23},"arguments":[{"opacity":1,"transform":"scale(1, 1)"}]}]},{"__symbolic":"call","expression":{"__symbolic":"reference","module":"@angular/animations","name":"transition","line":22,"character":8},"arguments":["void => enter",{"__symbolic":"call","expression":{"__symbolic":"reference","module":"@angular/animations","name":"group","line":22,"character":36},"arguments":[[{"__symbolic":"call","expression":{"__symbolic":"reference","module":"@angular/animations","name":"query","line":23,"character":12},"arguments":["@fadeInPicker",{"__symbolic":"call","expression":{"__symbolic":"reference","module":"@angular/animations","name":"animateChild","line":23,"character":35}},{"optional":true}]},{"__symbolic":"call","expression":{"__symbolic":"reference","module":"@angular/animations","name":"animate","line":24,"character":12},"arguments":["400ms cubic-bezier(0.25, 0.8, 0.25, 1)"]}]]}]},{"__symbolic":"call","expression":{"__symbolic":"reference","module":"@angular/animations","name":"transition","line":26,"character":8},"arguments":["enter => void",{"__symbolic":"call","expression":{"__symbolic":"reference","module":"@angular/animations","name":"animate","line":26,"character":36},"arguments":["100ms linear",{"__symbolic":"call","expression":{"__symbolic":"reference","module":"@angular/animations","name":"style","line":26,"character":60},"arguments":[{"opacity":0}]}]}]}]]},"fadeInPicker":{"__symbolic":"call","expression":{"__symbolic":"reference","module":"@angular/animations","name":"trigger","line":29,"character":18},"arguments":["fadeInPicker",[{"__symbolic":"call","expression":{"__symbolic":"reference","module":"@angular/animations","name":"state","line":30,"character":8},"arguments":["enter",{"__symbolic":"call","expression":{"__symbolic":"reference","module":"@angular/animations","name":"style","line":30,"character":23},"arguments":[{"opacity":1}]}]},{"__symbolic":"call","expression":{"__symbolic":"reference","module":"@angular/animations","name":"state","line":31,"character":8},"arguments":["void",{"__symbolic":"call","expression":{"__symbolic":"reference","module":"@angular/animations","name":"style","line":31,"character":22},"arguments":[{"opacity":0}]}]},{"__symbolic":"call","expression":{"__symbolic":"reference","module":"@angular/animations","name":"transition","line":32,"character":8},"arguments":["void => enter",{"__symbolic":"call","expression":{"__symbolic":"reference","module":"@angular/animations","name":"animate","line":32,"character":36},"arguments":["400ms 100ms cubic-bezier(0.55, 0, 0.55, 0.2)"]}]}]]}}}}]