[{"__symbolic":"module","version":4,"metadata":{"OWL_DTPICKER_SCROLL_STRATEGY":{"__symbolic":"new","expression":{"__symbolic":"reference","module":"@angular/core","name":"InjectionToken","line":43,"character":8},"arguments":["owl-dtpicker-scroll-strategy"]},"OWL_DTPICKER_SCROLL_STRATEGY_PROVIDER_FACTORY":{"__symbolic":"function","parameters":["overlay"],"value":{"__symbolic":"error","message":"Lambda not supported","line":47,"character":11}},"OWL_DTPICKER_SCROLL_STRATEGY_PROVIDER":{"provide":{"__symbolic":"reference","name":"OWL_DTPICKER_SCROLL_STRATEGY"},"deps":[{"__symbolic":"reference","module":"@angular/cdk/overlay","name":"Overlay","line":53,"character":11}],"useFactory":{"__symbolic":"reference","name":"OWL_DTPICKER_SCROLL_STRATEGY_PROVIDER_FACTORY"}},"OwlDateTimeComponent":{"__symbolic":"class","extends":{"__symbolic":"reference","module":"./date-time.class","name":"OwlDateTime","line":66,"character":45},"arity":1,"decorators":[{"__symbolic":"call","expression":{"__symbolic":"reference","module":"@angular/core","name":"Component","line":57,"character":1},"arguments":[{"selector":"owl-date-time","exportAs":"owlDateTime","template":"","styles":[""],"changeDetection":{"__symbolic":"select","expression":{"__symbolic":"reference","module":"@angular/core","name":"ChangeDetectionStrategy","line":62,"character":21},"member":"OnPush"},"preserveWhitespaces":false}]}],"members":{"backdropClass":[{"__symbolic":"property","decorators":[{"__symbolic":"call","expression":{"__symbolic":"reference","module":"@angular/core","name":"Input","line":69,"character":5}}]}],"panelClass":[{"__symbolic":"property","decorators":[{"__symbolic":"call","expression":{"__symbolic":"reference","module":"@angular/core","name":"Input","line":73,"character":5}}]}],"startAt":[{"__symbolic":"property","decorators":[{"__symbolic":"call","expression":{"__symbolic":"reference","module":"@angular/core","name":"Input","line":78,"character":5}}]}],"pickerType":[{"__symbolic":"property","decorators":[{"__symbolic":"call","expression":{"__symbolic":"reference","module":"@angular/core","name":"Input","line":115,"character":5}}]}],"pickerMode":[{"__symbolic":"property","decorators":[{"__symbolic":"call","expression":{"__symbolic":"reference","module":"@angular/core","name":"Input","line":135,"character":5}}]}],"disabled":[{"__symbolic":"property","decorators":[{"__symbolic":"call","expression":{"__symbolic":"reference","module":"@angular/core","name":"Input","line":150,"character":5}}]}],"opened":[{"__symbolic":"property","decorators":[{"__symbolic":"call","expression":{"__symbolic":"reference","module":"@angular/core","name":"Input","line":166,"character":5}}]}],"scrollStrategy":[{"__symbolic":"property","decorators":[{"__symbolic":"call","expression":{"__symbolic":"reference","module":"@angular/core","name":"Input","line":179,"character":5}}]}],"afterPickerClosed":[{"__symbolic":"property","decorators":[{"__symbolic":"call","expression":{"__symbolic":"reference","module":"@angular/core","name":"Output","line":185,"character":5}}]}],"afterPickerOpen":[{"__symbolic":"property","decorators":[{"__symbolic":"call","expression":{"__symbolic":"reference","module":"@angular/core","name":"Output","line":190,"character":5}}]}],"yearSelected":[{"__symbolic":"property","decorators":[{"__symbolic":"call","expression":{"__symbolic":"reference","module":"@angular/core","name":"Output","line":196,"character":5}}]}],"monthSelected":[{"__symbolic":"property","decorators":[{"__symbolic":"call","expression":{"__symbolic":"reference","module":"@angular/core","name":"Output","line":202,"character":5}}]}],"__ctor__":[{"__symbolic":"constructor","parameterDecorators":[null,null,null,null,null,[{"__symbolic":"call","expression":{"__symbolic":"reference","module":"@angular/core","name":"Optional","line":282,"character":18}}],[{"__symbolic":"call","expression":{"__symbolic":"reference","module":"@angular/core","name":"Inject","line":283,"character":18},"arguments":[{"__symbolic":"reference","name":"OWL_DTPICKER_SCROLL_STRATEGY"}]}],[{"__symbolic":"call","expression":{"__symbolic":"reference","module":"@angular/core","name":"Optional","line":284,"character":18}},{"__symbolic":"call","expression":{"__symbolic":"reference","module":"@angular/core","name":"Inject","line":284,"character":30},"arguments":[{"__symbolic":"reference","module":"./adapter/date-time-format.class","name":"OWL_DATE_TIME_FORMATS","line":284,"character":37}]}],[{"__symbolic":"call","expression":{"__symbolic":"reference","module":"@angular/core","name":"Optional","line":285,"character":18}},{"__symbolic":"call","expression":{"__symbolic":"reference","module":"@angular/core","name":"Inject","line":285,"character":30},"arguments":[{"__symbolic":"reference","module":"@angular/common","name":"DOCUMENT","line":285,"character":37}]}]],"parameters":[{"__symbolic":"reference","module":"@angular/cdk/overlay","name":"Overlay","line":277,"character":34},{"__symbolic":"reference","module":"@angular/core","name":"ViewContainerRef","line":278,"character":43},{"__symbolic":"reference","module":"../dialog","name":"OwlDialogService","line":279,"character":40},{"__symbolic":"reference","module":"@angular/core","name":"NgZone","line":280,"character":33},{"__symbolic":"reference","module":"@angular/core","name":"ChangeDetectorRef","line":281,"character":43},{"__symbolic":"reference","module":"./adapter/date-time-adapter.class","name":"DateTimeAdapter","line":282,"character":56,"arguments":[{"__symbolic":"error","message":"Could not resolve type","line":282,"character":72,"context":{"typeName":"T"}}]},{"__symbolic":"error","message":"Expression form not supported","line":283,"character":86},{"__symbolic":"reference","module":"./adapter/date-time-format.class","name":"OwlDateTimeFormats","line":284,"character":87},{"__symbolic":"reference","name":"any"}]}],"ngOnInit":[{"__symbolic":"method"}],"ngOnDestroy":[{"__symbolic":"method"}],"registerInput":[{"__symbolic":"method"}],"open":[{"__symbolic":"method"}],"select":[{"__symbolic":"method"}],"selectYear":[{"__symbolic":"method"}],"selectMonth":[{"__symbolic":"method"}],"close":[{"__symbolic":"method"}],"confirmSelect":[{"__symbolic":"method"}],"openAsDialog":[{"__symbolic":"method"}],"openAsPopup":[{"__symbolic":"method"}],"createPopup":[{"__symbolic":"method"}],"createPopupPositionStrategy":[{"__symbolic":"method"}]}}}}]