[{"__symbolic":"module","version":4,"metadata":{"OwlDateTimeModule":{"__symbolic":"class","decorators":[{"__symbolic":"call","expression":{"__symbolic":"reference","module":"@angular/core","name":"NgModule","line":24,"character":1},"arguments":[{"imports":[{"__symbolic":"reference","module":"@angular/common","name":"CommonModule","line":25,"character":14},{"__symbolic":"reference","module":"@angular/cdk/overlay","name":"OverlayModule","line":25,"character":28},{"__symbolic":"reference","module":"../dialog","name":"OwlDialogModule","line":25,"character":43},{"__symbolic":"reference","module":"@angular/cdk/a11y","name":"A11yModule","line":25,"character":60}],"exports":[{"__symbolic":"reference","module":"./calendar.component","name":"OwlCalendarComponent","line":27,"character":8},{"__symbolic":"reference","module":"./timer.component","name":"OwlTimerComponent","line":28,"character":8},{"__symbolic":"reference","module":"./date-time-picker-trigger.directive","name":"OwlDateTimeTriggerDirective","line":29,"character":8},{"__symbolic":"reference","module":"./date-time-picker-input.directive","name":"OwlDateTimeInputDirective","line":30,"character":8},{"__symbolic":"reference","module":"./date-time-picker.component","name":"OwlDateTimeComponent","line":31,"character":8},{"__symbolic":"reference","module":"./date-time-inline.component","name":"OwlDateTimeInlineComponent","line":32,"character":8},{"__symbolic":"reference","module":"./calendar-multi-year-view.component","name":"OwlMultiYearViewComponent","line":33,"character":8},{"__symbolic":"reference","module":"./calendar-year-view.component","name":"OwlYearViewComponent","line":34,"character":8},{"__symbolic":"reference","module":"./calendar-month-view.component","name":"OwlMonthViewComponent","line":35,"character":8}],"declarations":[{"__symbolic":"reference","module":"./date-time-picker-trigger.directive","name":"OwlDateTimeTriggerDirective","line":38,"character":8},{"__symbolic":"reference","module":"./date-time-picker-input.directive","name":"OwlDateTimeInputDirective","line":39,"character":8},{"__symbolic":"reference","module":"./date-time-picker.component","name":"OwlDateTimeComponent","line":40,"character":8},{"__symbolic":"reference","module":"./date-time-picker-container.component","name":"OwlDateTimeContainerComponent","line":41,"character":8},{"__symbolic":"reference","module":"./calendar-multi-year-view.component","name":"OwlMultiYearViewComponent","line":42,"character":8},{"__symbolic":"reference","module":"./calendar-year-view.component","name":"OwlYearViewComponent","line":43,"character":8},{"__symbolic":"reference","module":"./calendar-month-view.component","name":"OwlMonthViewComponent","line":44,"character":8},{"__symbolic":"reference","module":"./timer.component","name":"OwlTimerComponent","line":45,"character":8},{"__symbolic":"reference","module":"./timer-box.component","name":"OwlTimerBoxComponent","line":46,"character":8},{"__symbolic":"reference","module":"./calendar.component","name":"OwlCalendarComponent","line":47,"character":8},{"__symbolic":"reference","module":"./calendar-body.component","name":"OwlCalendarBodyComponent","line":48,"character":8},{"__symbolic":"reference","module":"./numberedFixLen.pipe","name":"NumberFixedLenPipe","line":49,"character":8},{"__symbolic":"reference","module":"./date-time-inline.component","name":"OwlDateTimeInlineComponent","line":50,"character":8}],"providers":[{"__symbolic":"reference","module":"./date-time-picker-intl.service","name":"OwlDateTimeIntl","line":53,"character":8},{"__symbolic":"reference","module":"./date-time-picker.component","name":"OWL_DTPICKER_SCROLL_STRATEGY_PROVIDER","line":54,"character":8}],"entryComponents":[{"__symbolic":"reference","module":"./date-time-picker-container.component","name":"OwlDateTimeContainerComponent","line":57,"character":8}]}]}]}}}]