[{"__symbolic":"module","version":4,"metadata":{},"exports":[{"from":"./date-time.module","export":["OwlDateTimeModule"]},{"from":"./date-time-picker-intl.service","export":["OwlDateTimeIntl"]},{"from":"./adapter/native-date-time.module","export":["OwlNativeDateTimeModule"]},{"from":"./adapter/date-time-adapter.class","export":["OWL_DATE_TIME_LOCALE_PROVIDER","OWL_DATE_TIME_LOCALE","DateTimeAdapter"]},{"from":"./adapter/date-time-format.class","export":["OWL_DATE_TIME_FORMATS","OwlDateTimeFormats"]},{"from":"./date-time-inline.component","export":["OwlDateTimeInlineComponent"]},{"from":"./date-time-picker.component","export":["OwlDateTimeComponent"]}]}]