[{"__symbolic":"module","version":4,"metadata":{"OwlTimerComponent":{"__symbolic":"class","arity":1,"decorators":[{"__symbolic":"call","expression":{"__symbolic":"reference","module":"@angular/core","name":"Component","line":20,"character":1},"arguments":[{"exportAs":"owlDateTimeTimer","selector":"owl-date-time-timer","template":"<owl-date-time-timer-box [upBtnAriaLabel]=\"upHourButtonLabel\" [downBtnAriaLabel]=\"downHourButtonLabel\" [upBtnDisabled]=\"!upHourEnabled()\" [downBtnDisabled]=\"!downHourEnabled()\" [boxValue]=\"hourBoxValue\" [value]=\"hourValue\" [min]=\"0\" [max]=\"23\" [step]=\"stepHour\" [inputLabel]=\"'Hour'\" (inputChange)=\"setHourValueViaInput($event)\" (valueChange)=\"setHourValue($event)\"></owl-date-time-timer-box><owl-date-time-timer-box [showDivider]=\"true\" [upBtnAriaLabel]=\"upMinuteButtonLabel\" [downBtnAriaLabel]=\"downMinuteButtonLabel\" [upBtnDisabled]=\"!upMinuteEnabled()\" [downBtnDisabled]=\"!downMinuteEnabled()\" [value]=\"minuteValue\" [min]=\"0\" [max]=\"59\" [step]=\"stepMinute\" [inputLabel]=\"'Minute'\" (inputChange)=\"setMinuteValue($event)\" (valueChange)=\"setMinuteValue($event)\"></owl-date-time-timer-box><owl-date-time-timer-box *ngIf=\"showSecondsTimer\" [showDivider]=\"true\" [upBtnAriaLabel]=\"upSecondButtonLabel\" [downBtnAriaLabel]=\"downSecondButtonLabel\" [upBtnDisabled]=\"!upSecondEnabled()\" [downBtnDisabled]=\"!downSecondEnabled()\" [value]=\"secondValue\" [min]=\"0\" [max]=\"59\" [step]=\"stepSecond\" [inputLabel]=\"'Second'\" (inputChange)=\"setSecondValue($event)\" (valueChange)=\"setSecondValue($event)\"></owl-date-time-timer-box><div *ngIf=\"hour12Timer\" class=\"owl-dt-timer-hour12\"><button class=\"owl-dt-control-button owl-dt-timer-hour12-box\" type=\"button\" tabindex=\"0\" (click)=\"setMeridiem($event)\"><span class=\"owl-dt-control-button-content\" tabindex=\"-1\">{{hour12ButtonLabel}}</span></button></div>","styles":[""],"preserveWhitespaces":false,"changeDetection":{"__symbolic":"select","expression":{"__symbolic":"reference","module":"@angular/core","name":"ChangeDetectionStrategy","line":26,"character":21},"member":"OnPush"}}]}],"members":{"pickerMoment":[{"__symbolic":"property","decorators":[{"__symbolic":"call","expression":{"__symbolic":"reference","module":"@angular/core","name":"Input","line":33,"character":5}}]}],"minDateTime":[{"__symbolic":"property","decorators":[{"__symbolic":"call","expression":{"__symbolic":"reference","module":"@angular/core","name":"Input","line":45,"character":5}}]}],"maxDateTime":[{"__symbolic":"property","decorators":[{"__symbolic":"call","expression":{"__symbolic":"reference","module":"@angular/core","name":"Input","line":57,"character":5}}]}],"showSecondsTimer":[{"__symbolic":"property","decorators":[{"__symbolic":"call","expression":{"__symbolic":"reference","module":"@angular/core","name":"Input","line":74,"character":5}}]}],"hour12Timer":[{"__symbolic":"property","decorators":[{"__symbolic":"call","expression":{"__symbolic":"reference","module":"@angular/core","name":"Input","line":81,"character":5}}]}],"stepHour":[{"__symbolic":"property","decorators":[{"__symbolic":"call","expression":{"__symbolic":"reference","module":"@angular/core","name":"Input","line":88,"character":5}}]}],"stepMinute":[{"__symbolic":"property","decorators":[{"__symbolic":"call","expression":{"__symbolic":"reference","module":"@angular/core","name":"Input","line":95,"character":5}}]}],"stepSecond":[{"__symbolic":"property","decorators":[{"__symbolic":"call","expression":{"__symbolic":"reference","module":"@angular/core","name":"Input","line":102,"character":5}}]}],"selectedChange":[{"__symbolic":"property","decorators":[{"__symbolic":"call","expression":{"__symbolic":"reference","module":"@angular/core","name":"Output","line":172,"character":5}}]}],"owlDTTimerClass":[{"__symbolic":"property","decorators":[{"__symbolic":"call","expression":{"__symbolic":"reference","module":"@angular/core","name":"HostBinding","line":174,"character":5},"arguments":["class.owl-dt-timer"]}]}],"owlDTTimeTabIndex":[{"__symbolic":"property","decorators":[{"__symbolic":"call","expression":{"__symbolic":"reference","module":"@angular/core","name":"HostBinding","line":179,"character":5},"arguments":["attr.tabindex"]}]}],"__ctor__":[{"__symbolic":"constructor","parameterDecorators":[null,null,null,null,[{"__symbolic":"call","expression":{"__symbolic":"reference","module":"@angular/core","name":"Optional","line":188,"character":18}}]],"parameters":[{"__symbolic":"reference","module":"@angular/core","name":"NgZone","line":184,"character":33},{"__symbolic":"reference","module":"@angular/core","name":"ElementRef","line":185,"character":33},{"__symbolic":"reference","module":"./date-time-picker-intl.service","name":"OwlDateTimeIntl","line":186,"character":37},{"__symbolic":"reference","module":"@angular/core","name":"ChangeDetectorRef","line":187,"character":32},{"__symbolic":"reference","module":"./adapter/date-time-adapter.class","name":"DateTimeAdapter","line":188,"character":54,"arguments":[{"__symbolic":"error","message":"Could not resolve type","line":188,"character":70,"context":{"typeName":"T"}}]}]}],"ngOnInit":[{"__symbolic":"method"}],"focus":[{"__symbolic":"method"}],"setHourValueViaInput":[{"__symbolic":"method"}],"setHourValue":[{"__symbolic":"method"}],"setMinuteValue":[{"__symbolic":"method"}],"setSecondValue":[{"__symbolic":"method"}],"setMeridiem":[{"__symbolic":"method"}],"upHourEnabled":[{"__symbolic":"method"}],"downHourEnabled":[{"__symbolic":"method"}],"upMinuteEnabled":[{"__symbolic":"method"}],"downMinuteEnabled":[{"__symbolic":"method"}],"upSecondEnabled":[{"__symbolic":"method"}],"downSecondEnabled":[{"__symbolic":"method"}],"compareHours":[{"__symbolic":"method"}],"compareMinutes":[{"__symbolic":"method"}],"compareSeconds":[{"__symbolic":"method"}],"getValidDate":[{"__symbolic":"method"}]}}}}]